Company Name,Job Title,Salary Range,Tags,Posted Before
Public,"Product Manager, Global Onboarding",$69k - $160k,product manager:non tech,1mo
Public,Operations Associate - Brokerage Onboarding,,operations:react,2mo
Public,Marketing Automation Manager,$45k - $130k,marketing:non tech,2mo
Public,CRM Manager,,crm,2mo
Public,Lifecycle Marketing Conversion Manager,$45k - $130k,marketing:non tech,2mo
Public,Investment Strategy Intern,,intern:entry level:finance,2mo
Public,Senior Accounting Manager,$80k - $110k,accounting:senior,2mo
Public,Brokerage Customer Experience Manager (Series 63),$40k - $80k,customer support,2mo
Public,Accounting Manager,$25k - $150k,accounting,2mo
Public,Growth Marketing Manager,$45k - $130k,marketing:non tech,2mo
Public,Customer Experience Representative,$40k - $80k,customer support,2mo
Public,Affiliate Marketing Manager,$45k - $130k,marketing:non tech,2mo
Public,"Operations Specialist, Onboarding (Series 24 required, hybrid)",$60k - $200k,operations,2mo
Public,"Executive Assistant to CPO, COO, and CFO",$175k - $200k,finance:operations:executive,2mo
Public,"Product Manager, Global Payments",$69k - $160k,product manager:non tech,2mo
Public,"Operations Manager, Money Movement and Risk",,operations:react,2mo
Public,"Operations Specialist, Onboarding (Series 24 required)",$60k - $200k,operations,3mo
Public,"Operations Analyst, Risk",,analyst:operations:react,3mo
Public,"Operations Analyst, Risk",,analyst:operations:react,3mo
Public,Senior Database/DataOps Engineer,,dataops:dev:senior,3mo
Public,Business Operations Intern,,intern:entry level:operations,3mo
Public,QA Engineer CPH,$50k - $150k,dev:quality assurance,3mo
Public,Moderation Specialist,$56k - $150k,react,3mo
Public,Junior Operations Analyst (Licensed),$10k - $13k,analyst:junior:entry level:operations,3mo
Public,"Product Manager, Trading",$69k - $160k,product manager:non tech,4mo
Public,Legal Intern,,intern:entry level:legal,4mo
Public,Evening Customer Support Representative,$40k - $80k,customer support,4mo
Public,Operations Analyst,,analyst:operations,4mo
Public,Payroll/HR Operations Manager,,hr:non tech:operations:accounting,4mo
Public,Web Engineer,$56k - $160k,dev:react:javascript:nextjs,4mo
Public,"Product Manager, International",$69k - $160k,product manager:non tech,5mo
Public,"Product Manager, International",$69k - $160k,product manager:non tech,5mo
Public,"Product Manager, International",$69k - $160k,product manager:non tech,5mo
Public,"Product Manager, International",$69k - $160k,product manager:non tech,5mo
Public,Backend Engineer,$60k - $160k,backend:dev:java,5mo
Public,Technical Recruiter,$40k - $70k,recruiter:non tech,5mo
Public,Weekend Customer Experience Manager,$40k - $80k,customer support,5mo
Public,Evening Customer Experience Representative,$40k - $80k,customer support,5mo
Public,Affiliate Coordinator,$45k - $130k,marketing:non tech,5mo
Public,User Acquisition Manager - Paid Social,$45k - $130k,marketing:non tech,5mo
Public,Android Engineer,,android:mobile:dev,5mo
Public,Product Compliance,,compliance,5mo
Public,Product Compliance,,compliance,5mo
Public,Editorial Coordinator,,,5mo
Public,"Strategic Finance, Manager",$40k - $150k,finance,5mo
Public,Senior Java Engineer,$50k - $200k,dev:java:senior,5mo
Public,Senior Backend Engineer,$70k - $200k,backend:dev:senior:scala:java,5mo
Public,Senior Android Engineer,,android:mobile:dev:senior,5mo
Public,User Acquisition Manager,$45k - $130k,marketing:non tech,5mo
Public,Paid Search Manager,$45k - $130k,marketing:non tech,5mo
Public,Creator Coordinator,,,5mo
Public,Senior Manager of Machine Learning,,machine learning:senior,5mo
